10,500,23.89,102353.55,55.06
20,500,23.93,102351.01,54.84
30,500,23.95,102349.32,54.63
40,500,23.97,102348.02,54.46
50,500,23.98,102351.60,54.29
60,500,24.00,102354.74,54.19
70,500,24.02,102350.58,54.11
80,500,24.01,102350.49,53.99
90,500,24.03,102352.98,53.90
100,575,24.04,102354.46,53.81
110,568,24.05,102348.89,53.79
120,560,24.05,102349.78,53.75
130,556,24.06,102352.28,53.71
140,554,24.06,102348.68,53.67
150,548,24.05,102351.82,53.59
160,545,24.06,102350.36,53.53
170,543,24.05,102351.89,53.47
180,540,24.05,102352.92,53.42
190,536,24.06,102352.88,53.36
200,535,24.05,102350.96,53.23
210,533,24.05,102350.72,53.18
220,532,24.06,102355.40,53.15
230,530,24.06,102354.78,53.12
240,526,24.08,102354.17,53.11
250,524,24.08,102354.56,53.08
260,524,24.09,102354.04,53.07
270,523,24.08,102351.22,53.04
280,525,24.10,102354.11,53.04
290,526,24.10,102355.71,53.01
300,527,24.11,102357.60,53.01
310,527,24.12,102357.22,53.02
320,528,24.13,102357.97,52.96
330,528,24.13,102357.30,52.95
340,528,24.14,102358.85,52.95
350,529,24.14,102357.74,52.95
360,530,24.16,102361.89,53.02
370,533,24.15,102358.13,52.93
380,536,24.16,102358.88,52.91
390,538,24.16,102360.23,52.88
400,541,24.16,102361.07,52.85
410,540,24.15,102359.14,52.80
420,541,24.16,102363.23,52.77
430,540,24.16,102361.48,52.77
440,540,24.15,102360.14,52.70
450,540,24.13,102357.47,52.65
460,540,24.14,102358.94,52.71
470,536,24.15,102362.33,52.76
480,537,24.14,102359.33,52.77
490,538,24.13,102363.24,52.75
500,541,24.12,102361.59,52.70
510,545,24.11,102359.76,52.68
520,547,24.12,102362.67,52.70
530,547,24.13,102362.92,52.70
540,547,24.15,102364.10,52.69
550,547,24.16,102363.42,52.65
560,548,24.15,102358.81,52.66
570,552,24.15,102359.07,52.65
580,553,24.19,102360.13,52.87
590,554,24.22,102362.53,53.73
600,788,24.23,102360.33,53.48
610,895,24.23,102357.04,53.40
620,910,24.23,102358.88,53.23
630,916,24.24,102360.72,53.06
640,917,24.23,102361.92,52.79
650,896,24.24,102359.47,52.70
660,796,24.23,102363.42,52.60
670,719,24.22,102363.03,52.53
680,680,24.22,102359.60,52.46
690,645,24.21,102362.40,52.45
700,620,24.19,102359.94,52.42
710,597,24.19,102362.05,52.43
720,580,24.19,102362.63,52.42
730,565,24.19,102363.66,52.40
740,556,24.20,102362.94,52.42
750,551,24.18,102357.62,52.33
760,548,24.17,102360.67,52.27
770,546,24.17,102359.89,52.22
780,545,24.17,102360.16,52.22
790,543,24.18,102364.34,52.25
800,545,24.18,102363.00,52.25
810,545,24.19,102365.33,52.21
820,548,24.20,102365.87,52.21
830,549,24.21,102367.44,52.21
840,548,24.21,102363.75,52.36
850,550,24.22,102366.39,52.23
860,551,24.21,102366.00,52.18
870,552,24.22,102366.39,52.15
880,552,24.23,102367.21,52.15
890,553,24.22,102368.41,52.13
900,551,24.21,102369.12,52.15
910,551,24.21,102366.27,52.17
920,552,24.21,102366.94,52.20
930,555,24.22,102367.91,52.17
940,555,24.22,102365.63,52.52
950,559,24.24,102365.35,52.35
960,562,24.23,102363.68,52.25
970,568,24.23,102364.94,52.22
980,571,24.23,102362.42,52.17
990,575,24.26,102369.39,52.13
1000,580,24.25,102369.07,52.10
1010,581,24.25,102368.09,52.08
1020,581,24.25,102364.30,52.08
1030,579,24.25,102363.36,52.11
1040,579,24.25,102365.11,52.12
1050,572,24.26,102366.19,52.12
1060,564,24.25,102364.30,52.06
1070,558,24.24,102366.42,52.01
1080,548,24.22,102366.97,52.03
1090,541,24.22,102369.51,52.00
1100,535,24.22,102367.33,52.01
1110,532,24.21,102368.02,52.01
1120,531,24.21,102368.38,51.97
1130,532,24.21,102369.89,51.98
1140,531,24.22,102371.34,51.93
1150,533,24.22,102367.97,51.89
1160,535,24.24,102370.63,51.89
1170,539,24.24,102369.55,51.90
1180,543,24.25,102371.11,51.90
1190,546,24.25,102369.58,51.94
1200,547,24.27,102373.58,51.94
